"Id","SalePrice"
1461,113919.917553191
1462,146883.5
1463,165466.08908046
1464,165466.08908046
1465,249392.466019417
1466,165466.08908046
1467,146883.5
1468,165466.08908046
1469,194238.744769874
1470,113919.917553191
1471,194238.744769874
1472,113919.917553191
1473,113919.917553191
1474,165466.08908046
1475,194238.744769874
1476,452075.538461538
1477,249392.466019417
1478,341248.2
1479,249392.466019417
1480,452075.538461538
1481,314894.553846154
1482,249392.466019417
1483,146883.5
1484,194238.744769874
1485,194238.744769874
1486,194238.744769874
1487,314894.553846154
1488,249392.466019417
1489,194238.744769874
1490,165466.08908046
1491,194238.744769874
1492,113919.917553191
1493,165466.08908046
1494,314894.553846154
1495,314894.553846154
1496,194238.744769874
1497,194238.744769874
1498,194238.744769874
1499,194238.744769874
1500,113919.917553191
1501,165466.08908046
1502,194238.744769874
1503,249392.466019417
1504,249392.466019417
1505,194238.744769874
1506,165466.08908046
1507,165466.08908046
1508,165466.08908046
1509,165466.08908046
1510,146883.5
1511,146883.5
1512,165466.08908046
1513,165466.08908046
1514,165466.08908046
1515,165466.08908046
1516,165466.08908046
1517,146883.5
1518,165466.08908046
1519,194238.744769874
1520,146883.5
1521,146883.5
1522,165466.08908046
1523,113919.917553191
1524,113919.917553191
1525,113919.917553191
1526,113919.917553191
1527,113919.917553191
1528,113919.917553191
1529,146883.5
1530,165466.08908046
1531,165466.08908046
1532,113919.917553191
1533,146883.5
1534,113919.917553191
1535,165466.08908046
1536,146883.5
1537,113919.917553191
1538,249392.466019417
1539,314894.553846154
1540,165466.08908046
1541,165466.08908046
1542,165466.08908046
1543,247980.9875
1544,113919.917553191
1545,113919.917553191
1546,113919.917553191
1547,165466.08908046
1548,165466.08908046
1549,113919.917553191
1550,165466.08908046
1551,146883.5
1552,165466.08908046
1553,165466.08908046
1554,113919.917553191
1555,165466.08908046
1556,113919.917553191
1557,165466.08908046
1558,113919.917553191
1559,165466.08908046
1560,165466.08908046
1561,165466.08908046
1562,113919.917553191
1563,113919.917553191
1564,146883.5
1565,165466.08908046
1566,194238.744769874
1567,113919.917553191
1568,165466.08908046
1569,165466.08908046
1570,113919.917553191
1571,165466.08908046
1572,146883.5
1573,194238.744769874
1574,146883.5
1575,194238.744769874
1576,165466.08908046
1577,194238.744769874
1578,165466.08908046
1579,113919.917553191
1580,194238.744769874
1581,146883.5
1582,113919.917553191
1583,314894.553846154
1584,247980.9875
1585,113919.917553191
1586,113919.917553191
1587,113919.917553191
1588,146883.5
1589,113919.917553191
1590,146883.5
1591,113919.917553191
1592,146883.5
1593,113919.917553191
1594,165466.08908046
1595,165466.08908046
1596,247980.9875
1597,165466.08908046
1598,194238.744769874
1599,249392.466019417
1600,249392.466019417
1601,113919.917553191
1602,113919.917553191
1603,113919.917553191
1604,249392.466019417
1605,249392.466019417
1606,146883.5
1607,165466.08908046
1608,194238.744769874
1609,194238.744769874
1610,165466.08908046
1611,146883.5
1612,165466.08908046
1613,146883.5
1614,113919.917553191
1615,113919.917553191
1616,113919.917553191
1617,113919.917553191
1618,113919.917553191
1619,113919.917553191
1620,165466.08908046
1621,113919.917553191
1622,165466.08908046
1623,249392.466019417
1624,165466.08908046
1625,113919.917553191
1626,165466.08908046
1627,165466.08908046
1628,314894.553846154
1629,194238.744769874
1630,314894.553846154
1631,249392.466019417
1632,249392.466019417
1633,194238.744769874
1634,165466.08908046
1635,165466.08908046
1636,146883.5
1637,165466.08908046
1638,247980.9875
1639,165466.08908046
1640,247980.9875
1641,165466.08908046
1642,194238.744769874
1643,249392.466019417
1644,249392.466019417
1645,165466.08908046
1646,146883.5
1647,194238.744769874
1648,146883.5
1649,146883.5
1650,113919.917553191
1651,113919.917553191
1652,113919.917553191
1653,113919.917553191
1654,165466.08908046
1655,194238.744769874
1656,165466.08908046
1657,165466.08908046
1658,165466.08908046
1659,194238.744769874
1660,113919.917553191
1661,452075.538461538
1662,452075.538461538
1663,341248.2
1664,452075.538461538
1665,341248.2
1666,249392.466019417
1667,314894.553846154
1668,341248.2
1669,341248.2
1670,341248.2
1671,194238.744769874
1672,452075.538461538
1673,314894.553846154
1674,249392.466019417
1675,146883.5
1676,146883.5
1677,194238.744769874
1678,452075.538461538
1679,314894.553846154
1680,341248.2
1681,341248.2
1682,249392.466019417
1683,194238.744769874
1684,194238.744769874
1685,165466.08908046
1686,194238.744769874
1687,194238.744769874
1688,194238.744769874
1689,194238.744769874
1690,194238.744769874
1691,194238.744769874
1692,314894.553846154
1693,194238.744769874
1694,165466.08908046
1695,194238.744769874
1696,247980.9875
1697,194238.744769874
1698,314894.553846154
1699,314894.553846154
1700,247980.9875
1701,314894.553846154
1702,249392.466019417
1703,249392.466019417
1704,249392.466019417
1705,249392.466019417
1706,452075.538461538
1707,194238.744769874
1708,194238.744769874
1709,341248.2
1710,249392.466019417
1711,249392.466019417
1712,249392.466019417
1713,194238.744769874
1714,194238.744769874
1715,194238.744769874
1716,194238.744769874
1717,194238.744769874
1718,146883.5
1719,194238.744769874
1720,249392.466019417
1721,194238.744769874
1722,146883.5
1723,146883.5
1724,194238.744769874
1725,247980.9875
1726,165466.08908046
1727,146883.5
1728,194238.744769874
1729,165466.08908046
1730,165466.08908046
1731,113919.917553191
1732,113919.917553191
1733,113919.917553191
1734,146883.5
1735,113919.917553191
1736,113919.917553191
1737,314894.553846154
1738,194238.744769874
1739,247980.9875
1740,165466.08908046
1741,146883.5
1742,165466.08908046
1743,194238.744769874
1744,249392.466019417
1745,194238.744769874
1746,314894.553846154
1747,247980.9875
1748,165466.08908046
1749,146883.5
1750,146883.5
1751,247980.9875
1752,113919.917553191
1753,165466.08908046
1754,247980.9875
1755,146883.5
1756,113919.917553191
1757,113919.917553191
1758,146883.5
1759,165466.08908046
1760,146883.5
1761,146883.5
1762,165466.08908046
1763,165466.08908046
1764,113919.917553191
1765,165466.08908046
1766,165466.08908046
1767,165466.08908046
1768,146883.5
1769,194238.744769874
1770,113919.917553191
1771,146883.5
1772,165466.08908046
1773,146883.5
1774,165466.08908046
1775,146883.5
1776,113919.917553191
1777,113919.917553191
1778,146883.5
1779,113919.917553191
1780,194238.744769874
1781,146883.5
1782,113919.917553191
1783,113919.917553191
1784,113919.917553191
1785,146883.5
1786,165466.08908046
1787,194238.744769874
1788,113919.917553191
1789,113919.917553191
1790,113919.917553191
1791,165466.08908046
1792,165466.08908046
1793,146883.5
1794,113919.917553191
1795,146883.5
1796,113919.917553191
1797,113919.917553191
1798,146883.5
1799,113919.917553191
1800,113919.917553191
1801,165466.08908046
1802,165466.08908046
1803,165466.08908046
1804,113919.917553191
1805,146883.5
1806,113919.917553191
1807,165466.08908046
1808,113919.917553191
1809,165466.08908046
1810,165466.08908046
1811,165466.08908046
1812,165466.08908046
1813,113919.917553191
1814,113919.917553191
1815,113919.917553191
1816,113919.917553191
1817,165466.08908046
1818,165466.08908046
1819,113919.917553191
1820,113919.917553191
1821,165466.08908046
1822,165466.08908046
1823,113919.917553191
1824,165466.08908046
1825,165466.08908046
1826,113919.917553191
1827,113919.917553191
1828,165466.08908046
1829,146883.5
1830,165466.08908046
1831,247980.9875
1832,165466.08908046
1833,165466.08908046
1834,165466.08908046
1835,194238.744769874
1836,165466.08908046
1837,113919.917553191
1838,165466.08908046
1839,113919.917553191
1840,146883.5
1841,146883.5
1842,113919.917553191
1843,146883.5
1844,113919.917553191
1845,165466.08908046
1846,146883.5
1847,165466.08908046
1848,113919.917553191
1849,165466.08908046
1850,146883.5
1851,165466.08908046
1852,146883.5
1853,146883.5
1854,194238.744769874
1855,113919.917553191
1856,194238.744769874
1857,165466.08908046
1858,165466.08908046
1859,165466.08908046
1860,146883.5
1861,165466.08908046
1862,247980.9875
1863,247980.9875
1864,247980.9875
1865,341248.2
1866,341248.2
1867,249392.466019417
1868,249392.466019417
1869,194238.744769874
1870,249392.466019417
1871,249392.466019417
1872,165466.08908046
1873,194238.744769874
1874,113919.917553191
1875,194238.744769874
1876,165466.08908046
1877,194238.744769874
1878,194238.744769874
1879,113919.917553191
1880,113919.917553191
1881,194238.744769874
1882,314894.553846154
1883,194238.744769874
1884,194238.744769874
1885,249392.466019417
1886,249392.466019417
1887,194238.744769874
1888,249392.466019417
1889,165466.08908046
1890,146883.5
1891,113919.917553191
1892,113919.917553191
1893,146883.5
1894,165466.08908046
1895,165466.08908046
1896,113919.917553191
1897,113919.917553191
1898,113919.917553191
1899,113919.917553191
1900,194238.744769874
1901,165466.08908046
1902,146883.5
1903,247980.9875
1904,146883.5
1905,165466.08908046
1906,165466.08908046
1907,165466.08908046
1908,113919.917553191
1909,113919.917553191
1910,113919.917553191
1911,165466.08908046
1912,247980.9875
1913,165466.08908046
1914,113919.917553191
1915,249392.466019417
1916,113919.917553191
1917,314894.553846154
1918,113919.917553191
1919,113919.917553191
1920,165466.08908046
1921,341248.2
1922,341248.2
1923,165466.08908046
1924,194238.744769874
1925,247980.9875
1926,341248.2
1927,146883.5
1928,165466.08908046
1929,113919.917553191
1930,113919.917553191
1931,113919.917553191
1932,113919.917553191
1933,165466.08908046
1934,165466.08908046
1935,165466.08908046
1936,165466.08908046
1937,165466.08908046
1938,165466.08908046
1939,249392.466019417
1940,249392.466019417
1941,165466.08908046
1942,165466.08908046
1943,249392.466019417
1944,314894.553846154
1945,341248.2
1946,165466.08908046
1947,341248.2
1948,165466.08908046
1949,194238.744769874
1950,194238.744769874
1951,247980.9875
1952,194238.744769874
1953,146883.5
1954,247980.9875
1955,113919.917553191
1956,247980.9875
1957,165466.08908046
1958,314894.553846154
1959,165466.08908046
1960,113919.917553191
1961,113919.917553191
1962,113919.917553191
1963,113919.917553191
1964,113919.917553191
1965,165466.08908046
1966,194238.744769874
1967,249392.466019417
1968,314894.553846154
1969,341248.2
1970,452075.538461538
1971,452075.538461538
1972,452075.538461538
1973,314894.553846154
1974,314894.553846154
1975,452075.538461538
1976,249392.466019417
1977,314894.553846154
1978,314894.553846154
1979,341248.2
1980,194238.744769874
1981,341248.2
1982,249392.466019417
1983,249392.466019417
1984,194238.744769874
1985,194238.744769874
1986,194238.744769874
1987,194238.744769874
1988,165466.08908046
1989,194238.744769874
1990,247980.9875
1991,194238.744769874
1992,194238.744769874
1993,194238.744769874
1994,247980.9875
1995,194238.744769874
1996,314894.553846154
1997,341248.2
1998,314894.553846154
1999,247980.9875
2000,314894.553846154
2001,247980.9875
2002,194238.744769874
2003,249392.466019417
2004,249392.466019417
2005,249392.466019417
2006,249392.466019417
2007,249392.466019417
2008,194238.744769874
2009,165466.08908046
2010,194238.744769874
2011,146883.5
2012,194238.744769874
2013,165466.08908046
2014,165466.08908046
2015,194238.744769874
2016,165466.08908046
2017,194238.744769874
2018,113919.917553191
2019,113919.917553191
2020,113919.917553191
2021,113919.917553191
2022,165466.08908046
2023,165466.08908046
2024,165466.08908046
2025,452075.538461538
2026,194238.744769874
2027,113919.917553191
2028,194238.744769874
2029,165466.08908046
2030,341248.2
2031,341248.2
2032,341248.2
2033,341248.2
2034,194238.744769874
2035,194238.744769874
2036,249392.466019417
2037,249392.466019417
2038,452075.538461538
2039,249392.466019417
2040,452075.538461538
2041,249392.466019417
2042,194238.744769874
2043,165466.08908046
2044,165466.08908046
2045,194238.744769874
2046,165466.08908046
2047,165466.08908046
2048,113919.917553191
2049,165466.08908046
2050,194238.744769874
2051,113919.917553191
2052,146883.5
2053,146883.5
2054,113919.917553191
2055,165466.08908046
2056,113919.917553191
2057,146883.5
2058,165466.08908046
2059,146883.5
2060,165466.08908046
2061,165466.08908046
2062,146883.5
2063,113919.917553191
2064,146883.5
2065,113919.917553191
2066,165466.08908046
2067,165466.08908046
2068,165466.08908046
2069,113919.917553191
2070,113919.917553191
2071,113919.917553191
2072,165466.08908046
2073,113919.917553191
2074,194238.744769874
2075,146883.5
2076,113919.917553191
2077,146883.5
2078,146883.5
2079,113919.917553191
2080,113919.917553191
2081,113919.917553191
2082,165466.08908046
2083,165466.08908046
2084,113919.917553191
2085,146883.5
2086,113919.917553191
2087,113919.917553191
2088,113919.917553191
2089,113919.917553191
2090,165466.08908046
2091,165466.08908046
2092,165466.08908046
2093,165466.08908046
2094,194238.744769874
2095,165466.08908046
2096,113919.917553191
2097,113919.917553191
2098,165466.08908046
2099,113919.917553191
2100,165466.08908046
2101,165466.08908046
2102,194238.744769874
2103,113919.917553191
2104,165466.08908046
2105,165466.08908046
2106,113919.917553191
2107,247980.9875
2108,113919.917553191
2109,113919.917553191
2110,146883.5
2111,194238.744769874
2112,165466.08908046
2113,113919.917553191
2114,113919.917553191
2115,165466.08908046
2116,113919.917553191
2117,165466.08908046
2118,113919.917553191
2119,113919.917553191
2120,113919.917553191
2121,113919.917553191
2122,113919.917553191
2123,113919.917553191
2124,247980.9875
2125,165466.08908046
2126,165466.08908046
2127,165466.08908046
2128,165466.08908046
2129,113919.917553191
2130,165466.08908046
2131,165466.08908046
2132,113919.917553191
2133,146883.5
2134,113919.917553191
2135,113919.917553191
2136,113919.917553191
2137,146883.5
2138,113919.917553191
2139,146883.5
2140,113919.917553191
2141,113919.917553191
2142,146883.5
2143,146883.5
2144,146883.5
2145,113919.917553191
2146,113919.917553191
2147,165466.08908046
2148,113919.917553191
2149,113919.917553191
2150,194238.744769874
2151,194238.744769874
2152,165466.08908046
2153,165466.08908046
2154,113919.917553191
2155,113919.917553191
2156,165466.08908046
2157,194238.744769874
2158,247980.9875
2159,247980.9875
2160,194238.744769874
2161,249392.466019417
2162,452075.538461538
2163,341248.2
2164,249392.466019417
2165,165466.08908046
2166,113919.917553191
2167,194238.744769874
2168,165466.08908046
2169,194238.744769874
2170,194238.744769874
2171,113919.917553191
2172,146883.5
2173,165466.08908046
2174,247980.9875
2175,341248.2
2176,249392.466019417
2177,247980.9875
2178,249392.466019417
2179,113919.917553191
2180,165466.08908046
2181,194238.744769874
2182,194238.744769874
2183,194238.744769874
2184,146883.5
2185,113919.917553191
2186,146883.5
2187,146883.5
2188,165466.08908046
2189,165466.08908046
2190,113919.917553191
2191,113919.917553191
2192,113919.917553191
2193,113919.917553191
2194,113919.917553191
2195,113919.917553191
2196,113919.917553191
2197,113919.917553191
2198,194238.744769874
2199,165466.08908046
2200,113919.917553191
2201,113919.917553191
2202,249392.466019417
2203,165466.08908046
2204,165466.08908046
2205,113919.917553191
2206,146883.5
2207,249392.466019417
2208,247980.9875
2209,165466.08908046
2210,113919.917553191
2211,113919.917553191
2212,113919.917553191
2213,113919.917553191
2214,165466.08908046
2215,113919.917553191
2216,165466.08908046
2217,113919.917553191
2218,113919.917553191
2219,113919.917553191
2220,113919.917553191
2221,249392.466019417
2222,194238.744769874
2223,247980.9875
2224,194238.744769874
2225,165466.08908046
2226,165466.08908046
2227,194238.744769874
2228,249392.466019417
2229,249392.466019417
2230,165466.08908046
2231,194238.744769874
2232,165466.08908046
2233,146883.5
2234,249392.466019417
2235,165466.08908046
2236,249392.466019417
2237,249392.466019417
2238,194238.744769874
2239,146883.5
2240,146883.5
2241,146883.5
2242,146883.5
2243,165466.08908046
2244,113919.917553191
2245,113919.917553191
2246,146883.5
2247,113919.917553191
2248,113919.917553191
2249,113919.917553191
2250,113919.917553191
2251,165466.08908046
2252,165466.08908046
2253,165466.08908046
2254,165466.08908046
2255,165466.08908046
2256,194238.744769874
2257,165466.08908046
2258,194238.744769874
2259,165466.08908046
2260,146883.5
2261,249392.466019417
2262,249392.466019417
2263,314894.553846154
2264,452075.538461538
2265,165466.08908046
2266,341248.2
2267,314894.553846154
2268,341248.2
2269,146883.5
2270,194238.744769874
2271,194238.744769874
2272,194238.744769874
2273,146883.5
2274,146883.5
2275,146883.5
2276,194238.744769874
2277,165466.08908046
2278,165466.08908046
2279,113919.917553191
2280,113919.917553191
2281,146883.5
2282,146883.5
2283,113919.917553191
2284,113919.917553191
2285,194238.744769874
2286,113919.917553191
2287,341248.2
2288,249392.466019417
2289,314894.553846154
2290,452075.538461538
2291,314894.553846154
2292,341248.2
2293,452075.538461538
2294,452075.538461538
2295,452075.538461538
2296,314894.553846154
2297,314894.553846154
2298,341248.2
2299,314894.553846154
2300,314894.553846154
2301,249392.466019417
2302,194238.744769874
2303,249392.466019417
2304,249392.466019417
2305,146883.5
2306,146883.5
2307,146883.5
2308,249392.466019417
2309,341248.2
2310,249392.466019417
2311,194238.744769874
2312,165466.08908046
2313,165466.08908046
2314,194238.744769874
2315,165466.08908046
2316,165466.08908046
2317,146883.5
2318,165466.08908046
2319,194238.744769874
2320,194238.744769874
2321,249392.466019417
2322,194238.744769874
2323,194238.744769874
2324,194238.744769874
2325,194238.744769874
2326,194238.744769874
2327,247980.9875
2328,247980.9875
2329,165466.08908046
2330,165466.08908046
2331,314894.553846154
2332,452075.538461538
2333,314894.553846154
2334,247980.9875
2335,314894.553846154
2336,314894.553846154
2337,194238.744769874
2338,249392.466019417
2339,249392.466019417
2340,341248.2
2341,194238.744769874
2342,249392.466019417
2343,194238.744769874
2344,247980.9875
2345,249392.466019417
2346,249392.466019417
2347,194238.744769874
2348,249392.466019417
2349,165466.08908046
2350,249392.466019417
2351,249392.466019417
2352,249392.466019417
2353,165466.08908046
2354,146883.5
2355,194238.744769874
2356,146883.5
2357,194238.744769874
2358,165466.08908046
2359,113919.917553191
2360,113919.917553191
2361,146883.5
2362,247980.9875
2363,146883.5
2364,146883.5
2365,249392.466019417
2366,249392.466019417
2367,249392.466019417
2368,194238.744769874
2369,249392.466019417
2370,165466.08908046
2371,165466.08908046
2372,194238.744769874
2373,314894.553846154
2374,314894.553846154
2375,249392.466019417
2376,247980.9875
2377,314894.553846154
2378,113919.917553191
2379,165466.08908046
2380,113919.917553191
2381,146883.5
2382,194238.744769874
2383,194238.744769874
2384,247980.9875
2385,146883.5
2386,146883.5
2387,113919.917553191
2388,113919.917553191
2389,113919.917553191
2390,113919.917553191
2391,113919.917553191
2392,113919.917553191
2393,194238.744769874
2394,146883.5
2395,165466.08908046
2396,146883.5
2397,165466.08908046
2398,113919.917553191
2399,113919.917553191
2400,113919.917553191
2401,113919.917553191
2402,146883.5
2403,165466.08908046
2404,113919.917553191
2405,146883.5
2406,113919.917553191
2407,146883.5
2408,146883.5
2409,146883.5
2410,165466.08908046
2411,113919.917553191
2412,165466.08908046
2413,146883.5
2414,113919.917553191
2415,165466.08908046
2416,113919.917553191
2417,146883.5
2418,113919.917553191
2419,165466.08908046
2420,113919.917553191
2421,165466.08908046
2422,113919.917553191
2423,165466.08908046
2424,165466.08908046
2425,165466.08908046
2426,146883.5
2427,165466.08908046
2428,194238.744769874
2429,113919.917553191
2430,113919.917553191
2431,113919.917553191
2432,146883.5
2433,146883.5
2434,146883.5
2435,146883.5
2436,113919.917553191
2437,113919.917553191
2438,113919.917553191
2439,113919.917553191
2440,113919.917553191
2441,146883.5
2442,113919.917553191
2443,113919.917553191
2444,113919.917553191
2445,113919.917553191
2446,165466.08908046
2447,249392.466019417
2448,165466.08908046
2449,113919.917553191
2450,165466.08908046
2451,113919.917553191
2452,247980.9875
2453,113919.917553191
2454,165466.08908046
2455,113919.917553191
2456,165466.08908046
2457,113919.917553191
2458,113919.917553191
2459,113919.917553191
2460,165466.08908046
2461,113919.917553191
2462,165466.08908046
2463,113919.917553191
2464,165466.08908046
2465,113919.917553191
2466,113919.917553191
2467,194238.744769874
2468,113919.917553191
2469,113919.917553191
2470,165466.08908046
2471,247980.9875
2472,165466.08908046
2473,113919.917553191
2474,165466.08908046
2475,247980.9875
2476,113919.917553191
2477,113919.917553191
2478,165466.08908046
2479,113919.917553191
2480,113919.917553191
2481,146883.5
2482,113919.917553191
2483,113919.917553191
2484,113919.917553191
2485,113919.917553191
2486,146883.5
2487,165466.08908046
2488,194238.744769874
2489,113919.917553191
2490,146883.5
2491,113919.917553191
2492,165466.08908046
2493,113919.917553191
2494,165466.08908046
2495,113919.917553191
2496,165466.08908046
2497,165466.08908046
2498,113919.917553191
2499,113919.917553191
2500,146883.5
2501,146883.5
2502,165466.08908046
2503,113919.917553191
2504,165466.08908046
2505,247980.9875
2506,249392.466019417
2507,314894.553846154
2508,249392.466019417
2509,194238.744769874
2510,249392.466019417
2511,194238.744769874
2512,194238.744769874
2513,194238.744769874
2514,249392.466019417
2515,146883.5
2516,113919.917553191
2517,113919.917553191
2518,146883.5
2519,194238.744769874
2520,194238.744769874
2521,194238.744769874
2522,194238.744769874
2523,113919.917553191
2524,146883.5
2525,113919.917553191
2526,146883.5
2527,113919.917553191
2528,113919.917553191
2529,113919.917553191
2530,113919.917553191
2531,194238.744769874
2532,194238.744769874
2533,194238.744769874
2534,249392.466019417
2535,314894.553846154
2536,247980.9875
2537,249392.466019417
2538,194238.744769874
2539,194238.744769874
2540,146883.5
2541,194238.744769874
2542,165466.08908046
2543,113919.917553191
2544,146883.5
2545,113919.917553191
2546,146883.5
2547,113919.917553191
2548,165466.08908046
2549,165466.08908046
2550,452075.538461538
2551,113919.917553191
2552,113919.917553191
2553,113919.917553191
2554,146883.5
2555,113919.917553191
2556,113919.917553191
2557,113919.917553191
2558,165466.08908046
2559,165466.08908046
2560,113919.917553191
2561,194238.744769874
2562,165466.08908046
2563,165466.08908046
2564,194238.744769874
2565,113919.917553191
2566,165466.08908046
2567,113919.917553191
2568,165466.08908046
2569,165466.08908046
2570,113919.917553191
2571,165466.08908046
2572,249392.466019417
2573,194238.744769874
2574,314894.553846154
2575,113919.917553191
2576,165466.08908046
2577,165466.08908046
2578,113919.917553191
2579,113919.917553191
2580,165466.08908046
2581,146883.5
2582,113919.917553191
2583,249392.466019417
2584,113919.917553191
2585,165466.08908046
2586,194238.744769874
2587,194238.744769874
2588,194238.744769874
2589,113919.917553191
2590,194238.744769874
2591,165466.08908046
2592,194238.744769874
2593,249392.466019417
2594,194238.744769874
2595,249392.466019417
2596,249392.466019417
2597,165466.08908046
2598,247980.9875
2599,341248.2
2600,165466.08908046
2601,113919.917553191
2602,113919.917553191
2603,113919.917553191
2604,113919.917553191
2605,113919.917553191
2606,113919.917553191
2607,146883.5
2608,165466.08908046
2609,165466.08908046
2610,113919.917553191
2611,165466.08908046
2612,146883.5
2613,113919.917553191
2614,113919.917553191
2615,146883.5
2616,146883.5
2617,165466.08908046
2618,165466.08908046
2619,194238.744769874
2620,165466.08908046
2621,165466.08908046
2622,165466.08908046
2623,314894.553846154
2624,247980.9875
2625,314894.553846154
2626,146883.5
2627,249392.466019417
2628,452075.538461538
2629,452075.538461538
2630,452075.538461538
2631,452075.538461538
2632,452075.538461538
2633,341248.2
2634,341248.2
2635,113919.917553191
2636,194238.744769874
2637,194238.744769874
2638,247980.9875
2639,165466.08908046
2640,146883.5
2641,113919.917553191
2642,165466.08908046
2643,113919.917553191
2644,113919.917553191
2645,113919.917553191
2646,113919.917553191
2647,113919.917553191
2648,146883.5
2649,165466.08908046
2650,194238.744769874
2651,165466.08908046
2652,452075.538461538
2653,249392.466019417
2654,194238.744769874
2655,341248.2
2656,341248.2
2657,341248.2
2658,314894.553846154
2659,314894.553846154
2660,314894.553846154
2661,341248.2
2662,341248.2
2663,249392.466019417
2664,341248.2
2665,341248.2
2666,341248.2
2667,165466.08908046
2668,194238.744769874
2669,146883.5
2670,314894.553846154
2671,194238.744769874
2672,194238.744769874
2673,194238.744769874
2674,194238.744769874
2675,194238.744769874
2676,194238.744769874
2677,165466.08908046
2678,247980.9875
2679,314894.553846154
2680,314894.553846154
2681,452075.538461538
2682,314894.553846154
2683,452075.538461538
2684,314894.553846154
2685,314894.553846154
2686,249392.466019417
2687,249392.466019417
2688,249392.466019417
2689,249392.466019417
2690,452075.538461538
2691,165466.08908046
2692,146883.5
2693,194238.744769874
2694,146883.5
2695,194238.744769874
2696,194238.744769874
2697,165466.08908046
2698,165466.08908046
2699,165466.08908046
2700,146883.5
2701,113919.917553191
2702,113919.917553191
2703,165466.08908046
2704,113919.917553191
2705,113919.917553191
2706,113919.917553191
2707,113919.917553191
2708,146883.5
2709,113919.917553191
2710,113919.917553191
2711,247980.9875
2712,314894.553846154
2713,194238.744769874
2714,194238.744769874
2715,165466.08908046
2716,194238.744769874
2717,194238.744769874
2718,249392.466019417
2719,146883.5
2720,194238.744769874
2721,146883.5
2722,165466.08908046
2723,113919.917553191
2724,113919.917553191
2725,146883.5
2726,146883.5
2727,165466.08908046
2728,165466.08908046
2729,165466.08908046
2730,146883.5
2731,113919.917553191
2732,113919.917553191
2733,165466.08908046
2734,165466.08908046
2735,146883.5
2736,165466.08908046
2737,113919.917553191
2738,165466.08908046
2739,146883.5
2740,146883.5
2741,146883.5
2742,146883.5
2743,146883.5
2744,146883.5
2745,146883.5
2746,146883.5
2747,165466.08908046
2748,113919.917553191
2749,113919.917553191
2750,146883.5
2751,113919.917553191
2752,247980.9875
2753,165466.08908046
2754,165466.08908046
2755,113919.917553191
2756,113919.917553191
2757,113919.917553191
2758,113919.917553191
2759,165466.08908046
2760,165466.08908046
2761,146883.5
2762,146883.5
2763,165466.08908046
2764,194238.744769874
2765,247980.9875
2766,165466.08908046
2767,113919.917553191
2768,165466.08908046
2769,146883.5
2770,194238.744769874
2771,113919.917553191
2772,146883.5
2773,165466.08908046
2774,165466.08908046
2775,165466.08908046
2776,165466.08908046
2777,194238.744769874
2778,194238.744769874
2779,165466.08908046
2780,146883.5
2781,113919.917553191
2782,113919.917553191
2783,113919.917553191
2784,113919.917553191
2785,165466.08908046
2786,113919.917553191
2787,113919.917553191
2788,113919.917553191
2789,247980.9875
2790,113919.917553191
2791,113919.917553191
2792,146883.5
2793,165466.08908046
2794,113919.917553191
2795,113919.917553191
2796,113919.917553191
2797,165466.08908046
2798,165466.08908046
2799,113919.917553191
2800,113919.917553191
2801,113919.917553191
2802,165466.08908046
2803,165466.08908046
2804,165466.08908046
2805,113919.917553191
2806,113919.917553191
2807,194238.744769874
2808,146883.5
2809,113919.917553191
2810,146883.5
2811,165466.08908046
2812,113919.917553191
2813,165466.08908046
2814,165466.08908046
2815,113919.917553191
2816,194238.744769874
2817,113919.917553191
2818,113919.917553191
2819,194238.744769874
2820,113919.917553191
2821,113919.917553191
2822,165466.08908046
2823,165466.08908046
2824,165466.08908046
2825,165466.08908046
2826,146883.5
2827,165466.08908046
2828,165466.08908046
2829,165466.08908046
2830,194238.744769874
2831,194238.744769874
2832,165466.08908046
2833,249392.466019417
2834,194238.744769874
2835,194238.744769874
2836,194238.744769874
2837,165466.08908046
2838,146883.5
2839,165466.08908046
2840,194238.744769874
2841,194238.744769874
2842,194238.744769874
2843,165466.08908046
2844,113919.917553191
2845,113919.917553191
2846,194238.744769874
2847,165466.08908046
2848,249392.466019417
2849,194238.744769874
2850,314894.553846154
2851,247980.9875
2852,194238.744769874
2853,247980.9875
2854,113919.917553191
2855,194238.744769874
2856,194238.744769874
2857,194238.744769874
2858,194238.744769874
2859,165466.08908046
2860,113919.917553191
2861,146883.5
2862,194238.744769874
2863,113919.917553191
2864,247980.9875
2865,113919.917553191
2866,194238.744769874
2867,113919.917553191
2868,113919.917553191
2869,165466.08908046
2870,165466.08908046
2871,165466.08908046
2872,113919.917553191
2873,113919.917553191
2874,165466.08908046
2875,113919.917553191
2876,194238.744769874
2877,165466.08908046
2878,194238.744769874
2879,165466.08908046
2880,113919.917553191
2881,165466.08908046
2882,165466.08908046
2883,194238.744769874
2884,194238.744769874
2885,165466.08908046
2886,165466.08908046
2887,113919.917553191
2888,113919.917553191
2889,113919.917553191
2890,113919.917553191
2891,165466.08908046
2892,113919.917553191
2893,165466.08908046
2894,113919.917553191
2895,249392.466019417
2896,249392.466019417
2897,165466.08908046
2898,165466.08908046
2899,249392.466019417
2900,146883.5
2901,165466.08908046
2902,165466.08908046
2903,249392.466019417
2904,341248.2
2905,165466.08908046
2906,194238.744769874
2907,113919.917553191
2908,113919.917553191
2909,165466.08908046
2910,113919.917553191
2911,113919.917553191
2912,146883.5
2913,113919.917553191
2914,113919.917553191
2915,113919.917553191
2916,113919.917553191
2917,146883.5
2918,113919.917553191
2919,247980.9875
